{
  "main": {
    "id": "57f1848ffed7a18a",
    "type": "split",
    "children": [
      {
        "id": "b73b300573e2c25c",
        "type": "tabs",
        "children": [
          {
            "id": "7247839dff8ddf79",
            "type": "leaf",
            "state": {
              "type": "markdown",
              "state": {
                "file": "Interesting Ideas.md",
                "mode": "source",
                "source": false
              },
              "icon": "lucide-file",
              "title": "Interesting Ideas"
            }
          },
          {
            "id": "3e85dea62819940c",
            "type": "leaf",
            "state": {
              "type": "markdown",
              "state": {
                "file": "Interesting Ideas.md",
                "mode": "source",
                "source": false
              },
              "icon": "lucide-file",
              "title": "Interesting Ideas"
            }
          },
          {
            "id": "0a4a75ef8ef37c4f",
            "type": "leaf",
            "state": {
              "type": "markdown",
              "state": {
                "file": "Characters/Asha.md",
                "mode": "source",
                "source": false
              },
              "icon": "lucide-file",
              "title": "Asha"
            }
          }
        ]
      }
    ],
    "direction": "vertical"
  },
  "left": {
    "id": "da74fadb72e011c1",
    "type": "split",
    "children": [
      {
        "id": "a0e2e180ef8ef9b5",
        "type": "tabs",
        "children": [
          {
            "id": "b3a30d6e481b39c8",
            "type": "leaf",
            "state": {
              "type": "file-explorer",
              "state": {
                "sortOrder": "alphabetical",
                "autoReveal": false
              },
              "icon": "lucide-folder-closed",
              "title": "Files"
            }
          },
          {
            "id": "73b531e2057c8aef",
            "type": "leaf",
            "state": {
              "type": "search",
              "state": {
                "query": "",
                "matchingCase": false,
                "explainSearch": false,
                "collapseAll": false,
                "extraContext": false,
                "sortOrder": "alphabetical"
              },
              "icon": "lucide-search",
              "title": "Search"
            }
          },
          {
            "id": "d2ac640fc4f1a990",
            "type": "leaf",
            "state": {
              "type": "bookmarks",
              "state": {},
              "icon": "lucide-bookmark",
              "title": "Bookmarks"
            }
          }
        ]
      }
    ],
    "direction": "horizontal",
    "width": 200
  },
  "right": {
    "id": "19a35990a4cebd33",
    "type": "split",
    "children": [
      {
        "id": "3e4feb6e4e2711a7",
        "type": "tabs",
        "children": [
          {
            "id": "f61b635181f1b875",
            "type": "leaf",
            "state": {
              "type": "backlink",
              "state": {
                "file": "Characters/Magnifico.md",
                "collapseAll": false,
                "extraContext": false,
                "sortOrder": "alphabetical",
                "showSearch": false,
                "searchQuery": "",
                "backlinkCollapsed": false,
                "unlinkedCollapsed": true
              },
              "icon": "links-coming-in",
              "title": "Backlinks for Magnifico"
            }
          },
          {
            "id": "634c586031088926",
            "type": "leaf",
            "state": {
              "type": "outgoing-link",
              "state": {
                "file": "Characters/Magnifico.md",
                "linksCollapsed": false,
                "unlinkedCollapsed": true
              },
              "icon": "links-going-out",
              "title": "Outgoing links from Magnifico"
            }
          },
          {
            "id": "494ae0fcd08d2343",
            "type": "leaf",
            "state": {
              "type": "tag",
              "state": {
                "sortOrder": "frequency",
                "useHierarchy": true,
                "showSearch": false,
                "searchQuery": ""
              },
              "icon": "lucide-tags",
              "title": "Tags"
            }
          },
          {
            "id": "79e3b36044f117b7",
            "type": "leaf",
            "state": {
              "type": "outline",
              "state": {
                "file": "Characters/Magnifico.md",
                "followCursor": false,
                "showSearch": false,
                "searchQuery": ""
              },
              "icon": "lucide-list",
              "title": "Outline of Magnifico"
            }
          }
        ]
      }
    ],
    "direction": "horizontal",
    "width": 300,
    "collapsed": true
  },
  "left-ribbon": {
    "hiddenItems": {
      "switcher:Open quick switcher": false,
      "graph:Open graph view": false,
      "canvas:Create new canvas": false,
      "daily-notes:Open today's daily note": false,
      "templates:Insert template": false,
      "command-palette:Open command palette": false
    }
  },
  "active": "7247839dff8ddf79",
  "lastOpenFiles": [
    "Notes concerning Wish.md",
    "Purpose.md",
    "Rosas.md",
    "Plot/Iteration 1.md",
    "Characters/Magnifico.md",
    "Plot",
    "Characters/Asha.md",
    "Characters/The Artist.md",
    "Interesting Ideas.md",
    "Characters",
    "Welcome.md"
  ]
}